{"schemaVersion":"1.0","appDefinitionTemplate":{"id":"/providers/Microsoft.PowerApps/apps/","type":"Microsoft.PowerApps/apps","tags":{"minimumRequiredApiVersion":"2.2.0"},"properties":{"appVersion":"2018-12-18T04:26:31Z","lifeCycleId":"Published","createdByClientVersion":{"major":3,"minor":18114,"build":25,"revision":0,"majorRevision":0,"minorRevision":0},"minClientVersion":{"major":3,"minor":18114,"build":25,"revision":0,"majorRevision":0,"minorRevision":0},"backgroundColor":"rgba(0, 176, 240, 1)","backgroundImageUri":"/141553030567455956/Nf1e9cbc8-e273-4bd9-9c84-5e5a08d8c1d4-logoSmallFile","displayName":"HR Onboarding Mobile","description":"","appUris":{"documentUri":{"value":"/141553030567455956/Na85ef3b2-7a96-4059-ba99-c2b2f19aa430-document.msapp","readonlyValue":"/141553030567455956/Na85ef3b2-7a96-4059-ba99-c2b2f19aa430-document.msapp"},"imageUris":[]},"createdTime":"0001-01-01T00:00:00Z","lastModifiedTime":"0001-01-01T00:00:00Z","sharedGroupsCount":0,"sharedUsersCount":0,"icons":{"smallIconUri":"/141553030567455956/N875df1a5-e250-4625-bec4-5138c4435c00-small.png","mediumIconUri":"/141553030567455956/Nf2db787e-a4b9-49f5-a676-8e2ef9635352-medium.png","largeIconUri":"/141553030567455956/N57d614b9-3e2b-4800-a2e0-80adf6ebb783-large.png","wideIconUri":"/141553030567455956/N9a78587f-76ab-4c1d-8317-c5ccde4bff35-wide.png"},"connectionReferences":{"74aa91fa-210a-4045-9b06-d7be25441c46":{"id":"eb1807bd-c22c-404b-9b93-7c141d738437","displayName":"SharePoint","iconUri":"https://connectoricons-prod.azureedge.net/sharepointonline/icon_1.0.1019.1195.png","dataSources":["HR Onboarding"],"dependencies":[],"dependents":[],"parameterHints":{},"isOnPremiseConnection":false,"bypassConsent":false,"dataSets":{"https://cand3.sharepoint.com":{"dataSources":{"HR Onboarding":{"tableName":"b8b77397-537c-430f-a6c0-4e9ab6d3b986"}}}},"apiTier":"Standard","isCustomApiConnection":false}},"authorizationReferences":[{"resourceId":"powerbi"}],"almMode":"Environment"}}}