{"name":"436a9155-72f5-48a2-a5f2-90c12f1a49e1","id":"/providers/Microsoft.Flow/flows/436a9155-72f5-48a2-a5f2-90c12f1a49e1","type":"Microsoft.Flow/flows","properties":{"apiId":"/providers/Microsoft.PowerApps/apis/shared_logicflows","displayName":"Save registration infomation to SharePoint","definition":{"metadata":{"workflowEntityId":null,"creator":{"id":"a97ce8b1-e756-4f2a-a0c0-5b82c94f21f5","type":"User","tenantId":"0534985e-032e-430a-9b95-60f5277b96f4"},"provisioningMethod":"FromDefinition","failureAlertSubscription":true,"clientLastModifiedTime":"2018-11-15T09:21:54.772345Z"},"$schema":"https://schema.management.azure.com/providers/Microsoft.Logic/schemas/2016-06-01/workflowdefinition.json#","contentVersion":"1.0.0.0","parameters":{"$connections":{"defaultValue":{},"type":"Object"},"$authentication":{"defaultValue":{},"type":"SecureObject"}},"triggers":{"Invitee_fill_out_registration":{"metadata":{"flowSystemMetadata":{"swaggerOperationId":"CreateFormWebhook"}},"type":"ApiConnectionWebhook","inputs":{"host":{"api":{"runtimeUrl":"https://flow-apim-msmanaged-na-centralus-01.azure-apim.net/apim/microsoftforms"},"connection":{"name":"@parameters('$connections')['shared_microsoftforms']['connectionId']"}},"body":{"eventType":"responseAdded","notificationUrl":"@{listCallbackUrl()}","source":"ms-connector"},"path":"/formapi/api/forms/@{encodeURIComponent('Xpg0BS4DCkOblWD1J3uW9LHofKlW5ypPoMBbgslPIfVUMk80STNMODFVRkhWVktERTYxOFFHNFFWOC4u')}/webhooks","authentication":"@parameters('$authentication')"}}},"actions":{"Save_to_SharePoint_list":{"foreach":"@triggerBody()?['value']","actions":{"Create_registration_record_in_SharePoint":{"runAfter":{"Get_registration_infomation":["Succeeded"]},"metadata":{"flowSystemMetadata":{"swaggerOperationId":"PostItem"}},"type":"ApiConnection","inputs":{"host":{"api":{"runtimeUrl":"https://flow-apim-msmanaged-na-eastus2-01.azure-apim.net/apim/sharepointonline"},"connection":{"name":"@parameters('$connections')['shared_sharepointonline']['connectionId']"}},"method":"post","body":{"Title":"no title","Invitee_x0020_Organization":" ","Invitee_x0020_Name":"  ","Invitee_x0020_Status":{"Value":"Invited"},"Reminder":{"Value":"Yes"},"Event_x0020_Day":"2019-09-29"},"path":"/datasets/@{encodeURIComponent(encodeURIComponent('https://cand3.sharepoint.com/sites/chadeotest'))}/tables/@{encodeURIComponent(encodeURIComponent('1d3a1dd8-d5fb-4b94-8e95-46ef227601cb'))}/items","authentication":"@parameters('$authentication')"}},"Get_registration_infomation":{"runAfter":{},"metadata":{"flowSystemMetadata":{"swaggerOperationId":"GetFormResponseById"}},"type":"ApiConnection","inputs":{"host":{"api":{"runtimeUrl":"https://flow-apim-msmanaged-na-centralus-01.azure-apim.net/apim/microsoftforms"},"connection":{"name":"@parameters('$connections')['shared_microsoftforms']['connectionId']"}},"method":"get","path":"/formapi/api/forms('@{encodeURIComponent('Xpg0BS4DCkOblWD1J3uW9LHofKlW5ypPoMBbgslPIfVUMk80STNMODFVRkhWVktERTYxOFFHNFFWOC4u')}')/responses","queries":{"response_id":"@items('Save_to_SharePoint_list')?['resourceData']?['responseId']"},"authentication":"@parameters('$authentication')"}}},"runAfter":{},"type":"Foreach"}},"outputs":{}},"connectionReferences":{"shared_sharepointonline":{"connectionName":"a68bae57f4d74c1886767fe72183a7fc","source":"Embedded","id":"/providers/Microsoft.PowerApps/apis/shared_sharepointonline","tier":"NotSpecified"},"shared_microsoftforms":{"connectionName":"386991fb06724a399fe5d64d14f6200d","source":"Embedded","id":"/providers/Microsoft.PowerApps/apis/shared_microsoftforms","tier":"NotSpecified"}},"flowFailureAlertSubscribed":false}}