{"schemaVersion":"1.0","appDefinitionTemplate":{"id":"/providers/Microsoft.PowerApps/apps/","type":"Microsoft.PowerApps/apps","tags":{"minimumRequiredApiVersion":"2.2.0"},"properties":{"appVersion":"2018-10-26T18:09:04Z","lifeCycleId":"Published","createdByClientVersion":{"major":3,"minor":18103,"build":23,"revision":0,"majorRevision":0,"minorRevision":0},"minClientVersion":{"major":3,"minor":18103,"build":23,"revision":0,"majorRevision":0,"minorRevision":0},"backgroundColor":"rgba(208, 52, 56, 1)","backgroundImageUri":"/4788884140349170271/Nd7f7daff-6e01-46e9-91d3-a799980c11ed-logoSmallFile","displayName":"Event Organizer","description":"The Event Creation and Management PowerApp enables event managers and other users to easily organize events like a corporate conference or trade fair. Event attendees can self-register quickly and easily, and they can sign up to receive updates about conference news, special sessions, and general information. Event managers can track registrations, check-in event participants, and access real-time statistics about event attendance.","appUris":{"documentUri":{"value":"/4788884140349170271/N30f983e0-c5eb-4c84-a318-b1b098f2b975-document.msapp","readonlyValue":"/4788884140349170271/N30f983e0-c5eb-4c84-a318-b1b098f2b975-document.msapp"},"imageUris":[]},"createdTime":"0001-01-01T00:00:00Z","lastModifiedTime":"0001-01-01T00:00:00Z","sharedGroupsCount":0,"sharedUsersCount":0,"icons":{"smallIconUri":"/4788884140349170271/N9f91bee4-28a9-484b-a369-2dfeeb198029-small.png","mediumIconUri":"/4788884140349170271/Nac072d43-71dc-4247-a3af-d172f3ad1d73-medium.png","largeIconUri":"/4788884140349170271/N47c1aec0-fa07-4139-903d-5441bcb3f18d-large.png","wideIconUri":"/4788884140349170271/N0efd32ae-ba6e-42ba-895f-aebfdd072149-wide.png"},"connectionReferences":{"fdc58fa3-25f6-4d18-8580-2a1fa6bb3e4d":{"id":"bac56965-c161-46a6-94e1-f761e5608add","displayName":"SharePoint","iconUri":"https://connectoricons-prod.azureedge.net/sharepointonline/icon_1.0.1019.1195.png","dataSources":["Registrations"],"dependencies":[],"dependents":[],"parameterHints":{},"isOnPremiseConnection":false,"bypassConsent":false,"dataSets":{"https://canvizconsultingllc.sharepoint.com/sites/PowerAppsFlow":{"dataSources":{"Registrations":{"tableName":"7d7a18dd-5c71-4b64-b20b-f6713b5c9a49"}}}},"apiTier":"Standard"}},"authorizationReferences":[{"resourceId":"powerbi"}],"almMode":"Environment"}}}