{"schemaVersion":"1.0","appDefinitionTemplate":{"id":"/providers/Microsoft.PowerApps/apps/","type":"Microsoft.PowerApps/apps","tags":{"minimumRequiredApiVersion":"2.2.0"},"properties":{"appVersion":"2018-12-25T01:34:21Z","lifeCycleId":"Published","createdByClientVersion":{"major":3,"minor":18114,"build":26,"revision":0,"majorRevision":0,"minorRevision":0},"minClientVersion":{"major":3,"minor":18114,"build":26,"revision":0,"majorRevision":0,"minorRevision":0},"backgroundColor":"rgba(0, 130, 114, 1)","backgroundImageUri":"/16368617890021588223/N0e74f221-86c5-488d-b74c-76a68b4a31b0-logoSmallFile","displayName":"Travel Request Tablet","description":"The Travel Request PowerApp allows company employees to easily submit travel requests from desktop or mobile devices. Travel Requests are automatically routed to the appropriate Manager and Travel Department for approval, thus reducing processing time. Managers can also access status reports for all travel requests to verify current status and manage the travel budget.","appUris":{"documentUri":{"value":"/16368617890021588223/Nbf74f045-0600-470f-ac75-21a0728c426c-document.msapp","readonlyValue":"/16368617890021588223/Nbf74f045-0600-470f-ac75-21a0728c426c-document.msapp"},"imageUris":[]},"createdTime":"0001-01-01T00:00:00Z","lastModifiedTime":"0001-01-01T00:00:00Z","sharedGroupsCount":0,"sharedUsersCount":0,"icons":{"smallIconUri":"/16368617890021588223/N47ee5788-1b2d-40ac-8840-772b7a84bd60-small.png","mediumIconUri":"/16368617890021588223/N680c1cca-6d79-4957-a86a-49f24d2707c3-medium.png","largeIconUri":"/16368617890021588223/N9526d2d9-fb87-4e1e-9760-0857c7d3cefe-large.png","wideIconUri":"/16368617890021588223/Naa730026-b7e7-406d-b7e0-fdf7877b286a-wide.png"},"connectionReferences":{"9f39540c-888a-4912-b39b-9df3dd315db2":{"id":"0abd220c-4870-483e-ab9a-780162d633d6","displayName":"Office 365 Users","iconUri":"https://connectoricons-prod.azureedge.net/office365users/icon_1.0.1002.1175.png","dataSources":["Office365Users"],"dependencies":[],"dependents":[],"parameterHints":{},"isOnPremiseConnection":false,"bypassConsent":false,"dataSets":{},"apiTier":"Standard","isCustomApiConnection":false},"a84e504c-a9bb-4630-9d95-f54f5c14c21e":{"id":"3a559da8-5403-4d87-bb64-4d6321f087db","displayName":"Azure AD","iconUri":"https://connectoricons-prod.azureedge.net/azuread/icon_1.0.1022.1205.png","dataSources":["AzureAD"],"dependencies":[],"dependents":[],"parameterHints":{},"isOnPremiseConnection":false,"bypassConsent":false,"dataSets":{},"apiTier":"Standard","isCustomApiConnection":false},"3d7efc9d-d838-4688-9908-0dc522b181f8":{"id":"eb1807bd-c22c-404b-9b93-7c141d738437","displayName":"SharePoint","iconUri":"https://connectoricons-prod.azureedge.net/sharepointonline/icon_1.0.1019.1195.png","dataSources":["Travel"],"dependencies":[],"dependents":[],"parameterHints":{},"isOnPremiseConnection":false,"bypassConsent":false,"dataSets":{"https://cand3.sharepoint.com/sites/Travel91":{"dataSources":{"Travel":{"tableName":"8bdb5e3f-7981-4408-b56a-0f34fcfdbf07"}}}},"apiTier":"Standard","isCustomApiConnection":false}},"authorizationReferences":[{"resourceId":"powerbi"}],"almMode":"Environment"}}}