{"name":"fc6277ab-e568-4e5c-9578-e3f200ee3098","id":"/providers/Microsoft.Flow/flows/fc6277ab-e568-4e5c-9578-e3f200ee3098","type":"Microsoft.Flow/flows","properties":{"apiId":"/providers/Microsoft.PowerApps/apis/shared_logicflows","displayName":"Site Visit Tracker in 24 hours Reminder","definition":{"metadata":{"workflowEntityId":null,"creator":{"id":"cdea7eed-b192-49b9-812b-151725d03227","type":"User","tenantId":"0534985e-032e-430a-9b95-60f5277b96f4"},"provisioningMethod":"FromDefinition","failureAlertSubscription":true,"clientLastModifiedTime":"2019-10-11T09:18:11.8397401Z"},"$schema":"https://schema.management.azure.com/providers/Microsoft.Logic/schemas/2016-06-01/workflowdefinition.json#","contentVersion":"1.0.0.0","parameters":{"$connections":{"defaultValue":{},"type":"Object"},"$authentication":{"defaultValue":{},"type":"SecureObject"}},"triggers":{"Recurrence":{"recurrence":{"frequency":"Minute","interval":5},"type":"Recurrence"}},"actions":{"Get_items":{"runAfter":{"Current_time":["Succeeded"]},"metadata":{"flowSystemMetadata":{"swaggerOperationId":"GetItems"}},"type":"ApiConnection","inputs":{"host":{"connection":{"name":"@parameters('$connections')['shared_sharepointonline']['connectionId']"},"api":{"runtimeUrl":"https://unitedstates-002.azure-apim.net/apim/sharepointonline"}},"method":"get","path":"/datasets/@{encodeURIComponent(encodeURIComponent('https://cand3.sharepoint.com/sites/boothdev'))}/tables/@{encodeURIComponent(encodeURIComponent('3451aefe-25b2-46d5-926a-6ba25194f067'))}/items","queries":{"$filter":"Planned eq 1 and EmailSent ne 1 and ScheduledDate gt datetime'@{body('Current_time')}' and ScheduledDate lt datetime'@{addDays(body('Current_time'),1)}' "},"authentication":"@parameters('$authentication')"}},"Send_email_and_set_flag":{"foreach":"@body('Get_items')?['value']","actions":{"Send_an_email":{"runAfter":{},"metadata":{"flowSystemMetadata":{"swaggerOperationId":"SendEmail"}},"type":"ApiConnection","inputs":{"host":{"connection":{"name":"@parameters('$connections')['shared_office365']['connectionId']"},"api":{"runtimeUrl":"https://unitedstates-002.azure-apim.net/apim/office365"}},"method":"post","body":{"To":"@{items('Send_email_and_set_flag')?['Reviewer']?['Email']};","Subject":"Reminder: Follow-up appointment scheduled","Body":"Hello, \n<br/>\n<br/>\nThis is a reminder of your follow-up appointment scheduled at @{items('Send_email_and_set_flag')?['Location']?['Value']}, with @{items('Send_email_and_set_flag')?['Site_x0020_Contact']?['Value']}, on @{formatDateTime(items('Send_email_and_set_flag')?['ScheduledDate'], 'MMM d, yyyy')}.  \n<br/>\n<br/>\nFor more information on your visit, or to look at your previous appointment, visit @{items('Send_email_and_set_flag')?['{Link}']}\n<br/>\n<br/>\nThank you","IsHtml":true},"path":"/Mail","authentication":"@parameters('$authentication')"}},"Update_item":{"runAfter":{"Send_an_email":["Succeeded"]},"metadata":{"flowSystemMetadata":{"swaggerOperationId":"PatchItem"}},"type":"ApiConnection","inputs":{"host":{"connection":{"name":"@parameters('$connections')['shared_sharepointonline']['connectionId']"},"api":{"runtimeUrl":"https://unitedstates-002.azure-apim.net/apim/sharepointonline"}},"method":"patch","body":{"EmailSent":true},"path":"/datasets/@{encodeURIComponent(encodeURIComponent('https://cand3.sharepoint.com/sites/boothdev'))}/tables/@{encodeURIComponent(encodeURIComponent('3451aefe-25b2-46d5-926a-6ba25194f067'))}/items/@{encodeURIComponent(items('Send_email_and_set_flag')?['ID'])}","authentication":"@parameters('$authentication')"}}},"runAfter":{"Get_items":["Succeeded"]},"type":"Foreach"},"Current_time":{"runAfter":{},"type":"Expression","kind":"CurrentTime","inputs":{}}}},"connectionReferences":{"shared_sharepointonline":{"connectionName":"3af60af465b6419a8f0d42cc5b1cda0b","source":"Embedded","id":"/providers/Microsoft.PowerApps/apis/shared_sharepointonline","tier":"NotSpecified"},"shared_office365":{"connectionName":"07f0c1bd4b5948e882f379859d1902b4","source":"Embedded","id":"/providers/Microsoft.PowerApps/apis/shared_office365","tier":"NotSpecified"}},"flowFailureAlertSubscribed":false}}