{"schemaVersion":"1.0","appDefinitionTemplate":{"id":"/providers/Microsoft.PowerApps/apps/","type":"Microsoft.PowerApps/apps","tags":{"minimumRequiredApiVersion":"2.2.0"},"properties":{"appVersion":"2019-11-08T15:21:36Z","lifeCycleId":"Published","createdByClientVersion":{"major":3,"minor":19104,"build":33,"revision":0,"majorRevision":0,"minorRevision":0},"minClientVersion":{"major":3,"minor":19104,"build":33,"revision":0,"majorRevision":0,"minorRevision":0},"backgroundColor":"rgba(0, 134, 208, 1)","backgroundImageUri":"/18154796871161210039/N664a9dd2-5f86-40b1-85e7-457970170813-logoSmallFile","displayName":"Site Visit Tracker","description":"","commitMessage":"","appUris":{"documentUri":{"value":"/18154796871161210039/N84a2edbb-0d8e-435f-a426-c64dcef384e6-document.msapp","readonlyValue":"/18154796871161210039/N84a2edbb-0d8e-435f-a426-c64dcef384e6-document.msapp"},"imageUris":[]},"createdTime":"0001-01-01T00:00:00Z","lastModifiedTime":"0001-01-01T00:00:00Z","sharedGroupsCount":0,"sharedUsersCount":0,"icons":{"smallIconUri":"/18154796871161210039/Nd4c2873d-e18a-4313-801f-ca4aa98593aa-small.png","mediumIconUri":"/18154796871161210039/N116105f8-220e-44b6-941e-1683072e02b4-medium.png","largeIconUri":"/18154796871161210039/N11784d32-1391-4a3b-8b09-4012766b0b07-large.png","wideIconUri":"/18154796871161210039/N3eb23929-0955-4fde-8e61-8ece62ad9db2-wide.png"},"connectionReferences":{"bc6d6eb6-b570-4361-a525-ebfe02e28b0c":{"id":"eb1807bd-c22c-404b-9b93-7c141d738437","displayName":"SharePoint","iconUri":"https://connectoricons-prod.azureedge.net/sharepointonline/icon_1.0.1278.1753.png","dataSources":["VisitLog","VisitPhotos"],"dependencies":[],"dependents":["627ac11b-7737-436a-9dc7-b94337c1778e"],"parameterHints":{},"isOnPremiseConnection":false,"bypassConsent":false,"dataSets":{"https://cand3.sharepoint.com/sites/SiteTrackerChadDev":{"dataSources":{"VisitLog":{"tableName":"a3c6dce5-185f-4ca8-beaa-122e81958a90"},"VisitPhotos":{"tableName":"1c18144c-1c6a-4443-8808-2d25dbee3acb"}}}},"apiTier":"Standard","isCustomApiConnection":false},"022ae994-6951-4a7e-9586-e44861fd26ed":{"id":"0abd220c-4870-483e-ab9a-780162d633d6","displayName":"Office 365 Users","iconUri":"https://connectoricons-prod.azureedge.net/office365users/icon_1.0.1258.1715.png","dataSources":["Office365Users"],"dependencies":[],"dependents":[],"parameterHints":{},"isOnPremiseConnection":false,"bypassConsent":false,"dataSets":{},"apiTier":"Standard","isCustomApiConnection":false},"627ac11b-7737-436a-9dc7-b94337c1778e":{"id":"189c92e7-d551-40c3-876f-bd8b04c0d40d","displayName":"Logic flows","iconUri":"https://resourcestackdeploy.blob.core.windows.net/scripts/13276078.png","dataSources":["SiteVisitTracker.UploadPhotoToSP"],"dependencies":["bc6d6eb6-b570-4361-a525-ebfe02e28b0c"],"dependents":[],"parameterHints":{"workflowName":{"value":"84cc6db4-ed18-4680-b320-1b65056cb3b1"},"bc6d6eb6-b570-4361-a525-ebfe02e28b0c":{"value":"shared_sharepointonline"}},"isOnPremiseConnection":false,"bypassConsent":false,"dataSets":{},"apiTier":"Standard","isCustomApiConnection":false}},"authorizationReferences":[{"resourceId":"powerbi"}],"databaseReferences":{},"almMode":"Environment","performanceOptimizationEnabled":false},"isAppComponentLibrary":false,"appComponents":[]}}