{"schemaVersion":"1.0","appDefinitionTemplate":{"id":"/providers/Microsoft.PowerApps/apps/","type":"Microsoft.PowerApps/apps","tags":{"minimumRequiredApiVersion":"2.2.0"},"properties":{"appVersion":"2019-09-05T20:52:35Z","lifeCycleId":"Published","createdByClientVersion":{"major":3,"minor":19083,"build":21,"revision":0,"majorRevision":0,"minorRevision":0},"minClientVersion":{"major":3,"minor":19083,"build":21,"revision":0,"majorRevision":0,"minorRevision":0},"backgroundColor":"rgba(0, 134, 208, 1)","backgroundImageUri":"/14732451458239743323/N14085f2e-7060-49ea-bb34-c845fa2912bf-logoSmallFile","displayName":"Site Visit Tracker","description":"","commitMessage":"","appUris":{"documentUri":{"value":"/14732451458239743323/N16f957ac-f1fc-4a9b-aad9-e94fd727b00c-document.msapp","readonlyValue":"/14732451458239743323/N16f957ac-f1fc-4a9b-aad9-e94fd727b00c-document.msapp"},"imageUris":[]},"createdTime":"0001-01-01T00:00:00Z","lastModifiedTime":"0001-01-01T00:00:00Z","sharedGroupsCount":0,"sharedUsersCount":0,"icons":{"smallIconUri":"/14732451458239743323/N3e12ceaf-4f58-4c5d-83a8-3ed8d98358dc-small.png","mediumIconUri":"/14732451458239743323/N2b055380-5351-4316-96dc-dab8abc17314-medium.png","largeIconUri":"/14732451458239743323/N3895d25d-d3cc-4fd1-88ef-1c3f6ef49a0a-large.png","wideIconUri":"/14732451458239743323/N52440abc-c52c-422e-8377-6be7f41cf15d-wide.png"},"connectionReferences":{"bc6d6eb6-b570-4361-a525-ebfe02e28b0c":{"id":"bd5f2c51-a866-4397-b7fc-259760bd2acd","displayName":"SharePoint","iconUri":"https://connectoricons-prod.azureedge.net/sharepointonline/icon_1.0.1234.1648.png","dataSources":["VisitLog","VisitPhotos"],"dependencies":[],"dependents":["627ac11b-7737-436a-9dc7-b94337c1778e"],"parameterHints":{},"isOnPremiseConnection":false,"bypassConsent":false,"dataSets":{"https://cand3.sharepoint.com/sites/ToddPnPSiteVisitTracker":{"dataSources":{"VisitLog":{"tableName":"36d1a100-edc3-4b4c-b549-d1239f676520"},"VisitPhotos":{"tableName":"ba7323c0-8baf-499d-9715-dd27cb0834fc"}}}},"apiTier":"Standard","isCustomApiConnection":false},"022ae994-6951-4a7e-9586-e44861fd26ed":{"id":"e558dc16-b97d-41c7-b2ea-690859bca019","displayName":"Office 365 Users","iconUri":"https://connectoricons-prod.azureedge.net/office365users/icon_1.0.1243.1662.png","dataSources":["Office365Users"],"dependencies":[],"dependents":[],"parameterHints":{},"isOnPremiseConnection":false,"bypassConsent":false,"dataSets":{},"apiTier":"Standard","isCustomApiConnection":false},"627ac11b-7737-436a-9dc7-b94337c1778e":{"id":"8a4d11c0-c240-4d60-aadc-4efb1cc07b54","displayName":"Logic flows","iconUri":"https://resourcestackdeploy.blob.core.windows.net/scripts/13276078.png","dataSources":["SiteVisitTracker.UploadPhotoToSP"],"dependencies":["bc6d6eb6-b570-4361-a525-ebfe02e28b0c"],"dependents":[],"parameterHints":{"workflowName":{"value":"131d4f0a-efe8-46d5-bc89-8ea3b8f1f87d"},"bc6d6eb6-b570-4361-a525-ebfe02e28b0c":{"value":"shared_sharepointonline"}},"isOnPremiseConnection":false,"bypassConsent":false,"dataSets":{},"apiTier":"Standard","isCustomApiConnection":false}},"authorizationReferences":[{"resourceId":"powerbi"}],"databaseReferences":{},"almMode":"Environment"},"appComponents":[]}}