{"schemaVersion":"1.0","appDefinitionTemplate":{"id":"/providers/Microsoft.PowerApps/apps/","type":"Microsoft.PowerApps/apps","tags":{"minimumRequiredApiVersion":"2.2.0"},"properties":{"appVersion":"2018-12-18T04:25:55Z","lifeCycleId":"Published","createdByClientVersion":{"major":3,"minor":18114,"build":25,"revision":0,"majorRevision":0,"minorRevision":0},"minClientVersion":{"major":3,"minor":18114,"build":25,"revision":0,"majorRevision":0,"minorRevision":0},"backgroundColor":"rgba(129, 42, 141, 1)","backgroundImageUri":"/5916407333973519513/N6f7781ab-3f02-46f8-a704-923ec926ed04-logoSmallFile","displayName":"HR Onboarding Tablet","description":"","appUris":{"documentUri":{"value":"/5916407333973519513/Na6287a9f-e022-4cf2-8f79-97a631a282e2-document.msapp","readonlyValue":"/5916407333973519513/Na6287a9f-e022-4cf2-8f79-97a631a282e2-document.msapp"},"imageUris":[]},"createdTime":"0001-01-01T00:00:00Z","lastModifiedTime":"0001-01-01T00:00:00Z","sharedGroupsCount":0,"sharedUsersCount":0,"icons":{"smallIconUri":"/5916407333973519513/N777b9903-936a-4e1a-8933-9e624d7eeb1f-small.png","mediumIconUri":"/5916407333973519513/N30524b48-e128-47b3-a517-2304372c975b-medium.png","largeIconUri":"/5916407333973519513/Nb12b1714-d14d-48ff-9b60-0b6d5fb681e2-large.png","wideIconUri":"/5916407333973519513/N2bfd9670-8c03-442f-bfa4-f73924a26c41-wide.png"},"connectionReferences":{"f059c485-b380-4b3a-a1af-8c3ca78b9ed2":{"id":"eb1807bd-c22c-404b-9b93-7c141d738437","displayName":"SharePoint","iconUri":"https://connectoricons-prod.azureedge.net/sharepointonline/icon_1.0.1019.1195.png","dataSources":["HR Onboarding"],"dependencies":[],"dependents":[],"parameterHints":{},"isOnPremiseConnection":false,"bypassConsent":false,"dataSets":{"https://cand3.sharepoint.com/":{"dataSources":{"HR Onboarding":{"tableName":"b8b77397-537c-430f-a6c0-4e9ab6d3b986"}}}},"apiTier":"Standard","isCustomApiConnection":false},"6ec4ba9e-bf21-43e8-8b8e-7d326367c574":{"id":"08389084-f1df-4835-8d00-439b1f8b8a9e","displayName":"Power BI","iconUri":"https://az818438.vo.msecnd.net/icons/powerbi.png","dataSources":["PowerBI"],"dependencies":[],"dependents":[],"parameterHints":{},"isOnPremiseConnection":false,"bypassConsent":false,"dataSets":{},"apiTier":"Standard","isCustomApiConnection":false}},"authorizationReferences":[{"resourceId":"powerbi"}],"almMode":"Environment"}}}