{"name":"e41aea5d-3612-4599-ac3b-a361377f2f78","id":"/providers/Microsoft.Flow/flows/e41aea5d-3612-4599-ac3b-a361377f2f78","type":"Microsoft.Flow/flows","properties":{"apiId":"/providers/Microsoft.PowerApps/apis/shared_logicflows","displayName":"Travel Request Flow","definition":{"metadata":{"workflowEntityId":null,"creator":{"id":"8f98666a-c5eb-4497-910c-fa1204dec445","type":"User","tenantId":"0534985e-032e-430a-9b95-60f5277b96f4"},"provisioningMethod":"FromDefinition","failureAlertSubscription":true,"clientLastModifiedTime":"2018-12-24T08:56:02.7413306Z"},"$schema":"https://schema.management.azure.com/providers/Microsoft.Logic/schemas/2016-06-01/workflowdefinition.json#","contentVersion":"1.0.0.0","parameters":{"$connections":{"defaultValue":{},"type":"Object"},"$authentication":{"defaultValue":{},"type":"SecureObject"},"sharepoint.site":{"defaultValue":"","type":"String"},"sharepoint.list":{"defaultValue":"","type":"String"}},"triggers":{"When_a_new_item_is_created":{"recurrence":{"interval":5,"frequency":"Minute"},"splitOn":"@triggerBody()?.value","metadata":{"flowSystemMetadata":{"swaggerOperationId":"GetOnNewItems"}},"type":"ApiConnection","inputs":{"host":{"connection":{"name":"@parameters('$connections')['shared_sharepointonline']['connectionId']"},"api":{"runtimeUrl":"https://flow-apim-msmanaged-na-centralus-01.azure-apim.net/apim/sharepointonline"}},"method":"get","path":"/datasets/@{encodeURIComponent(encodeURIComponent('https://tenant.sharepoint.com/sites/Travel'))}/tables/@{encodeURIComponent(encodeURIComponent('cf601767-1d87-423b-955e-0b189105c2f2'))}/onnewitems","authentication":"@parameters('$authentication')"},"conditions":[],"description":"A travel request created"}},"actions":{"Start_an_approval":{"runAfter":{},"metadata":{"flowSystemMetadata":{"swaggerOperationId":"approvalSubscribe"}},"type":"ApiConnectionWebhook","inputs":{"host":{"connection":{"name":"@parameters('$connections')['shared_approvals']['connectionId']"},"api":{"runtimeUrl":"https://flow-apim-msmanaged-na-eastus2-01.azure-apim.net/apim/approvals"}},"body":{"title":"Please review: @{triggerBody()?['Title_x0020_of_x0020_Request']}","assignedTo":"@{triggerBody()?['Manager_x0020_Alias']?['Email']};","details":"@{triggerBody()?['Author']?['DisplayName']} at @{triggerBody()?['Created']}","itemLink":"@triggerBody()?['{Link}']","NotificationUrl":"@listCallbackUrl()"},"path":"/basic/$subscriptions","authentication":"@parameters('$authentication')"},"description":"Send manager approval email"},"Get_item":{"runAfter":{"Waiting_for_7_days(minutes_for_testing)_for_manager_approval":["Succeeded"]},"metadata":{"flowSystemMetadata":{"swaggerOperationId":"GetItem"}},"type":"ApiConnection","inputs":{"host":{"connection":{"name":"@parameters('$connections')['shared_sharepointonline']['connectionId']"},"api":{"runtimeUrl":"https://flow-apim-msmanaged-na-centralus-01.azure-apim.net/apim/sharepointonline"}},"method":"get","path":"/datasets/@{encodeURIComponent(encodeURIComponent('https://tenant.sharepoint.com/sites/Travel'))}/tables/@{encodeURIComponent(encodeURIComponent('cf601767-1d87-423b-955e-0b189105c2f2'))}/items/@{encodeURIComponent(triggerBody()?['ID'])}","authentication":"@parameters('$authentication')"},"description":"Get current request status"},"Terminate":{"runAfter":{"Did_manager_approve":["Succeeded"]},"type":"Terminate","inputs":{"runStatus":"Succeeded"}},"Did_manager_approve":{"actions":{"Inform_requester_the_request_is_approved_by_his_or_her_manager":{"runAfter":{"Update_item":["Succeeded"]},"metadata":{"flowSystemMetadata":{"swaggerOperationId":"SendEmail"}},"type":"ApiConnection","inputs":{"host":{"connection":{"name":"@parameters('$connections')['shared_office365']['connectionId']"},"api":{"runtimeUrl":"https://flow-apim-msmanaged-na-northcentralus-01.azure-apim.net/apim/office365"}},"method":"post","body":{"To":"@{body('Update_item')?['Author']?['Email']};","Subject":"@{body('Update_item')['Title']} has been approved by your manager","Body":"Your request @{body('Update_item')['Title']} has been approved by @{body('Start_an_approval')?['responder']?['displayName']}. Comments (if any): @{body('Start_an_approval')?['comments']}"},"path":"/Mail","authentication":"@parameters('$authentication')"}},"Update_item":{"runAfter":{},"metadata":{"flowSystemMetadata":{"swaggerOperationId":"PatchItem"}},"type":"ApiConnection","inputs":{"host":{"connection":{"name":"@parameters('$connections')['shared_sharepointonline']['connectionId']"},"api":{"runtimeUrl":"https://flow-apim-msmanaged-na-centralus-01.azure-apim.net/apim/sharepointonline"}},"method":"patch","body":{"Title":"@triggerBody()?['Title']","Status":{"Value":"Pending Travel Group Approval"}},"path":"/datasets/@{encodeURIComponent(encodeURIComponent('https://tenant.sharepoint.com/sites/Travel'))}/tables/@{encodeURIComponent(encodeURIComponent('cf601767-1d87-423b-955e-0b189105c2f2'))}/items/@{encodeURIComponent(triggerBody()?['ID'])}","authentication":"@parameters('$authentication')"},"description":"Set request to 'Pending Travel Group Approval' status"},"Did_travel_dept._approve":{"actions":{"Update_item_2":{"runAfter":{},"metadata":{"flowSystemMetadata":{"swaggerOperationId":"PatchItem"}},"type":"ApiConnection","inputs":{"host":{"connection":{"name":"@parameters('$connections')['shared_sharepointonline']['connectionId']"},"api":{"runtimeUrl":"https://flow-apim-msmanaged-na-centralus-01.azure-apim.net/apim/sharepointonline"}},"method":"patch","body":{"Title":"@body('Update_item')['Title']","Status":{"Value":"Approved"}},"path":"/datasets/@{encodeURIComponent(encodeURIComponent('https://tenant.sharepoint.com/sites/Travel'))}/tables/@{encodeURIComponent(encodeURIComponent('cf601767-1d87-423b-955e-0b189105c2f2'))}/items/@{encodeURIComponent(body('Update_item')?['ID'])}","authentication":"@parameters('$authentication')"},"description":"Update the request to 'Approved' status"},"Inform_requester_the_request_is_approved_by_travel_dept":{"runAfter":{"Update_item_2":["Succeeded"]},"metadata":{"flowSystemMetadata":{"swaggerOperationId":"SendEmail"}},"type":"ApiConnection","inputs":{"host":{"connection":{"name":"@parameters('$connections')['shared_office365']['connectionId']"},"api":{"runtimeUrl":"https://flow-apim-msmanaged-na-northcentralus-01.azure-apim.net/apim/office365"}},"method":"post","body":{"To":"@{body('Update_item_2')?['Author']?['Email']};","Subject":"@{body('Update_item_2')['Title']} has been approved by the travel department","Body":"Your request for @{body('Update_item_2')['Title']} has been approved. "},"path":"/Mail","authentication":"@parameters('$authentication')"}}},"runAfter":{"Send_email_with_options":["Succeeded"]},"else":{"actions":{"Update_item_3":{"runAfter":{},"metadata":{"flowSystemMetadata":{"swaggerOperationId":"PatchItem"}},"type":"ApiConnection","inputs":{"host":{"connection":{"name":"@parameters('$connections')['shared_sharepointonline']['connectionId']"},"api":{"runtimeUrl":"https://flow-apim-msmanaged-na-centralus-01.azure-apim.net/apim/sharepointonline"}},"method":"patch","body":{"Title":"@body('Update_item')['Title']","Status":{"Value":"Declined"}},"path":"/datasets/@{encodeURIComponent(encodeURIComponent('https://tenant.sharepoint.com/sites/Travel'))}/tables/@{encodeURIComponent(encodeURIComponent('cf601767-1d87-423b-955e-0b189105c2f2'))}/items/@{encodeURIComponent(body('Update_item')?['ID'])}","authentication":"@parameters('$authentication')"},"description":"Update the request to 'Reject' status"},"Inform_requester_the_request_is_rejected_by_travel_dept":{"runAfter":{"Update_item_3":["Succeeded"]},"metadata":{"flowSystemMetadata":{"swaggerOperationId":"SendEmail"}},"type":"ApiConnection","inputs":{"host":{"connection":{"name":"@parameters('$connections')['shared_office365']['connectionId']"},"api":{"runtimeUrl":"https://flow-apim-msmanaged-na-northcentralus-01.azure-apim.net/apim/office365"}},"method":"post","body":{"To":"@{body('Update_item_3')?['Author']?['Email']};","Subject":"@{body('Update_item_3')['Title']}  has been rejected by the travel department","Body":"Your request for @{body('Update_item_3')['Title']} has been rejected."},"path":"/Mail","authentication":"@parameters('$authentication')"}}}},"expression":"@equals(body('Send_email_with_options')?['SelectedOption'], 'Approve')","type":"If"},"Send_email_with_options":{"runAfter":{"Inform_requester_the_request_is_approved_by_his_or_her_manager":["Succeeded"]},"metadata":{"flowSystemMetadata":{"swaggerOperationId":"SendMailWithOptions"}},"type":"ApiConnectionWebhook","inputs":{"host":{"connection":{"name":"@parameters('$connections')['shared_office365']['connectionId']"},"api":{"runtimeUrl":"https://flow-apim-msmanaged-na-northcentralus-01.azure-apim.net/apim/office365"}},"body":{"NotificationUrl":"@{listCallbackUrl()}","Message":{"To":"@{triggerBody()?['Travel_x0020_Group_x0020_Approve']?['Email']};","Subject":"Travel Group Approval Step","Options":"Approve, Decline","HeaderText":"Travel Group Approval Step","SelectionText":"The travel request needs your approval.","Body":"@{body('Update_item')?['Author']?['DisplayName']} at @{body('Update_item')?['Created']} and Approved by @{body('Update_item')?['Manager_x0020_Alias']?['DisplayName']}<br/>\nPlease follow <a href=\"@{triggerBody()?['{Link}']}\">this link</a> to view more details.","Importance":"Normal","UseOnlyHTMLMessage":true}},"path":"/mailwithoptions/$subscriptions","authentication":"@parameters('$authentication')"}}},"runAfter":{"Start_an_approval":["Succeeded"]},"else":{"actions":{"Inform_item_creator_of_rejection":{"runAfter":{"Update_item_5":["Succeeded"]},"metadata":{"flowSystemMetadata":{"swaggerOperationId":"SendEmail"}},"type":"ApiConnection","inputs":{"host":{"connection":{"name":"@parameters('$connections')['shared_office365']['connectionId']"},"api":{"runtimeUrl":"https://flow-apim-msmanaged-na-northcentralus-01.azure-apim.net/apim/office365"}},"method":"post","body":{"To":"@{body('Update_item_5')?['Author']?['Email']};","Subject":"@{body('Update_item_5')['Title']} has been rejected by your manager","Body":"Your request @{body('Update_item_5')['Title']} has been rejected by @{body('Start_an_approval')?['responder']?['displayName']}. Comments (if any): @{body('Start_an_approval')?['comments']}"},"path":"/Mail","authentication":"@parameters('$authentication')"}},"Update_item_5":{"runAfter":{},"metadata":{"flowSystemMetadata":{"swaggerOperationId":"PatchItem"}},"type":"ApiConnection","inputs":{"host":{"connection":{"name":"@parameters('$connections')['shared_sharepointonline']['connectionId']"},"api":{"runtimeUrl":"https://flow-apim-msmanaged-na-centralus-01.azure-apim.net/apim/sharepointonline"}},"method":"patch","body":{"Title":"@triggerBody()?['Title']","Status":{"Value":"Declined"}},"path":"/datasets/@{encodeURIComponent(encodeURIComponent('https://tenant.sharepoint.com/sites/Travel'))}/tables/@{encodeURIComponent(encodeURIComponent('cf601767-1d87-423b-955e-0b189105c2f2'))}/items/@{encodeURIComponent(triggerBody()?['ID'])}","authentication":"@parameters('$authentication')"},"description":"Set request to 'Reject' status"}}},"expression":"@equals(body('Start_an_approval')?['response'], 'Approve')","type":"If"},"Waiting_for_7_days(minutes_for_testing)_for_manager_approval":{"runAfter":{},"type":"Wait","inputs":{"interval":{"count":7,"unit":"Minute"}}},"Is_there_no_manager_response":{"actions":{"Email_reminder_to_manager":{"runAfter":{},"metadata":{"flowSystemMetadata":{"swaggerOperationId":"SendEmail"}},"type":"ApiConnection","inputs":{"host":{"connection":{"name":"@parameters('$connections')['shared_office365']['connectionId']"},"api":{"runtimeUrl":"https://flow-apim-msmanaged-na-northcentralus-01.azure-apim.net/apim/office365"}},"method":"post","body":{"To":"@{triggerBody()?['Manager_x0020_Alias']?['Email']};","Subject":"Reminder to review a travel request @{body('Get_item')['Title']}","Body":"Please review the travel request @{triggerBody()?['{Link}']} created by @{triggerBody()?['Created']}  \n"},"path":"/Mail","authentication":"@parameters('$authentication')"}},"Waiting_for_another_3_days(minutes_for_testing)_for_manager_approval":{"runAfter":{"Email_reminder_to_manager":["Succeeded"]},"type":"Wait","inputs":{"interval":{"count":3,"unit":"Minute"}}},"Is_there_still_no_response":{"actions":{"Update_item_4":{"runAfter":{},"metadata":{"flowSystemMetadata":{"swaggerOperationId":"PatchItem"}},"type":"ApiConnection","inputs":{"host":{"connection":{"name":"@parameters('$connections')['shared_sharepointonline']['connectionId']"},"api":{"runtimeUrl":"https://flow-apim-msmanaged-na-centralus-01.azure-apim.net/apim/sharepointonline"}},"method":"patch","body":{"Title":"@triggerBody()?['Title']","Status":{"Value":"Declined"}},"path":"/datasets/@{encodeURIComponent(encodeURIComponent('https://tenant.sharepoint.com/sites/Travel'))}/tables/@{encodeURIComponent(encodeURIComponent('Travel'))}/items/@{encodeURIComponent(triggerBody()?['ID'])}","authentication":"@parameters('$authentication')"},"description":"Update request to 'Reject' status"},"Email_requester_status":{"runAfter":{"Update_item_4":["Succeeded"]},"metadata":{"flowSystemMetadata":{"swaggerOperationId":"SendEmail"}},"type":"ApiConnection","inputs":{"host":{"connection":{"name":"@parameters('$connections')['shared_office365']['connectionId']"},"api":{"runtimeUrl":"https://flow-apim-msmanaged-na-northcentralus-01.azure-apim.net/apim/office365"}},"method":"post","body":{"To":"@{body('Update_item_4')?['Author']?['Email']};","Subject":"@{body('Update_item_4')['Title']} has been rejected due to timeout","Body":"Your request for @{body('Update_item_4')['Title']} has been rejected due to timeout."},"path":"/Mail","authentication":"@parameters('$authentication')"}}},"runAfter":{"Get_item_2":["Succeeded"]},"expression":"@equals(body('Get_item_2')?['Status']?['Value'], 'Pending Manager Approval')","type":"If"},"Get_item_2":{"runAfter":{"Waiting_for_another_3_days(minutes_for_testing)_for_manager_approval":["Succeeded"]},"metadata":{"flowSystemMetadata":{"swaggerOperationId":"GetItem"}},"type":"ApiConnection","inputs":{"host":{"connection":{"name":"@parameters('$connections')['shared_sharepointonline']['connectionId']"},"api":{"runtimeUrl":"https://flow-apim-msmanaged-na-centralus-01.azure-apim.net/apim/sharepointonline"}},"method":"get","path":"/datasets/@{encodeURIComponent(encodeURIComponent('https://tenant.sharepoint.com/sites/Travel'))}/tables/@{encodeURIComponent(encodeURIComponent('cf601767-1d87-423b-955e-0b189105c2f2'))}/items/@{encodeURIComponent(body('Get_item')?['ID'])}","authentication":"@parameters('$authentication')"},"description":"Get current request status"}},"runAfter":{"Get_item":["Succeeded"]},"expression":"@equals(body('Get_item')?['Status']?['Value'], 'Pending Manager Approval')","type":"If"},"Terminated_due_to_timeout":{"runAfter":{"Is_there_no_manager_response":["Succeeded"]},"type":"Terminate","inputs":{"runStatus":"Succeeded"}}},"description":"Use this template for processing approvals on SharePoint list items. The approver can view their approval requests in the Approvals Center and over email. Once an item is approved or rejected, the item creator is sent a confirmation email."},"connectionReferences":{"shared_approvals":{"connectionName":"efd7777e256d488ba09cd1a421fe06c6","source":"Embedded","id":"/providers/Microsoft.PowerApps/apis/shared_approvals","tier":"NotSpecified"},"shared_sharepointonline":{"connectionName":"1aa700fdcf0f4f97931ed434ecd3748f","source":"Embedded","id":"/providers/Microsoft.PowerApps/apis/shared_sharepointonline","tier":"NotSpecified"},"shared_office365":{"connectionName":"7b8aff36a84f4a69b0592a4d50dabf9e","source":"Embedded","id":"/providers/Microsoft.PowerApps/apis/shared_office365","tier":"NotSpecified"}},"flowFailureAlertSubscribed":false}}