{"name":"c648daca-8863-4ef2-8ca0-38f98edc42f0","id":"/providers/Microsoft.Flow/flows/c648daca-8863-4ef2-8ca0-38f98edc42f0","type":"Microsoft.Flow/flows","properties":{"apiId":"/providers/Microsoft.PowerApps/apis/shared_logicflows","displayName":"SiteVisitTracker.UploadPhotoToSP","definition":{"metadata":{"workflowEntityId":null,"creator":{"id":"cdea7eed-b192-49b9-812b-151725d03227","type":"User","tenantId":"0534985e-032e-430a-9b95-60f5277b96f4"},"provisioningMethod":"FromDefinition","failureAlertSubscription":true,"clientLastModifiedTime":"2019-09-05T19:42:58.5077804Z"},"$schema":"https://schema.management.azure.com/providers/Microsoft.Logic/schemas/2016-06-01/workflowdefinition.json#","contentVersion":"1.0.0.0","parameters":{"$connections":{"defaultValue":{},"type":"Object"},"$authentication":{"defaultValue":{},"type":"SecureObject"}},"triggers":{"manual":{"type":"Request","kind":"PowerApp","inputs":{"schema":{"type":"object","properties":{"Createfile_FileName":{"type":"string","description":"Name of the file.","x-ms-powerflows-param-ispartial":false},"Createfile_FileContent":{"type":"string","format":"binary","description":"Content of the file.","x-ms-powerflows-param-ispartial":false}},"required":["Createfile_FileName","Createfile_FileContent"]}}}},"actions":{"Create_file":{"runAfter":{},"metadata":{"flowSystemMetadata":{"swaggerOperationId":"CreateFile"}},"type":"ApiConnection","inputs":{"host":{"connection":{"name":"@json(decodeBase64(triggerOutputs().headers['X-MS-APIM-Tokens']))['$connections']['shared_sharepointonline']['connectionId']"},"api":{"runtimeUrl":"https://unitedstates-002.azure-apim.net/apim/sharepointonline"}},"method":"post","body":"@dataUriToBinary(triggerBody()['Createfile_FileContent'])","path":"/datasets/@{encodeURIComponent(encodeURIComponent('https://cand3.sharepoint.com/sites/ToddPnPSiteVisitTracker'))}/files","queries":{"folderPath":"/PhotoLib","name":"@triggerBody()['Createfile_FileName']","queryParametersSingleEncoded":true},"authentication":{"type":"Raw","value":"@json(decodeBase64(triggerOutputs().headers['X-MS-APIM-Tokens']))['$ConnectionKey']"}}},"Respond_to_PowerApps":{"runAfter":{"Create_file":["Succeeded"]},"type":"Response","kind":"PowerApp","inputs":{"statusCode":200,"body":{"filelink":"@{concat('https://cand3.sharepoint.com/sites/boothdev',body('Create_file')?['Path'])}","datetime":"@{split(triggerBody()['Createfile_FileName'],'.')[0]}"},"schema":{"type":"object","properties":{"filelink":{"title":"FileLink","x-ms-dynamically-added":true,"type":"string"},"datetime":{"title":"DateTime","x-ms-dynamically-added":true,"type":"string"}}}}}},"outputs":{}},"connectionReferences":{"shared_sharepointonline":{"connectionName":"9eeb78b2cceb4697a6552c96ad512ad6","source":"Invoker","id":"/providers/Microsoft.PowerApps/apis/shared_sharepointonline","tier":"NotSpecified"}},"flowFailureAlertSubscribed":false}}