{"name":"d981264b-ad3f-4561-8808-6e0ff90a13ee","id":"/providers/Microsoft.Flow/flows/d981264b-ad3f-4561-8808-6e0ff90a13ee","type":"Microsoft.Flow/flows","properties":{"apiId":"/providers/Microsoft.PowerApps/apis/shared_logicflows","displayName":"HROnboarding2","definition":{"metadata":{"workflowEntityId":null,"creator":{"id":"8f98666a-c5eb-4497-910c-fa1204dec445","type":"User","tenantId":"0534985e-032e-430a-9b95-60f5277b96f4"},"provisioningMethod":"FromDefinition","failureAlertSubscription":true,"clientLastModifiedTime":"2018-12-07T18:28:09.4274626Z"},"$schema":"https://schema.management.azure.com/providers/Microsoft.Logic/schemas/2016-06-01/workflowdefinition.json#","contentVersion":"1.0.0.0","parameters":{"$connections":{"defaultValue":{},"type":"Object"},"$authentication":{"defaultValue":{},"type":"SecureObject"}},"triggers":{"New_Employee_Form_Created":{"recurrence":{"interval":5,"frequency":"Minute"},"splitOn":"@triggerBody()?['value']","metadata":{"flowSystemMetadata":{"swaggerOperationId":"GetOnNewItems"}},"type":"ApiConnection","inputs":{"host":{"api":{"runtimeUrl":"https://flow-apim-msmanaged-na-centralus-01.azure-apim.net/apim/sharepointonline"},"connection":{"name":"@parameters('$connections')['shared_sharepointonline']['connectionId']"}},"method":"get","path":"/datasets/@{encodeURIComponent(encodeURIComponent('https://cand3.sharepoint.com/sites/HR-Onboard'))}/tables/@{encodeURIComponent(encodeURIComponent('4a8dc689-8a3e-4c1c-849b-788393b16109'))}/onnewitems","authentication":"@parameters('$authentication')"}}},"actions":{"Send_account_confirmation_email_to_IT_department":{"runAfter":{},"metadata":{"flowSystemMetadata":{"swaggerOperationId":"SendMailWithOptions"}},"type":"ApiConnectionWebhook","inputs":{"host":{"api":{"runtimeUrl":"https://flow-apim-msmanaged-na-northcentralus-01.azure-apim.net/apim/office365"},"connection":{"name":"@parameters('$connections')['shared_office365_1']['connectionId']"}},"body":{"NotificationUrl":"@{listCallbackUrl()}","Message":{"To":"itdepartment@orgname.onmicrosoft.com","Subject":"Setup account for new employee - @{triggerBody()?['First_x0020_Name']} @{triggerBody()?['Last_x0020_Name']}","Options":"CONFIRMATION ","HeaderText":"Dear IT Department,","SelectionText":"Click below button to confirm","Body":"<p>Please issue a corporate-standard account to our new employee&nbsp;@{triggerBody()?['First_x0020_Name']} @{triggerBody()?['Last_x0020_Name']}. When&nbsp; @{triggerBody()?['First_x0020_Name']} @{triggerBody()?['Last_x0020_Name']}'s account is ready, please click on the button below to confirm.</p>\n<p>If you have any questions, please contact the HR Department.</p>\n<p>Thank you,<br/>\nHR Onboarding Staff</p>\n","Importance":"Normal","UseOnlyHTMLMessage":true}},"path":"/mailwithoptions/$subscriptions","authentication":"@parameters('$authentication')"}},"Send_confirmation_email_to_IT_equipment_department":{"runAfter":{},"metadata":{"flowSystemMetadata":{"swaggerOperationId":"SendMailWithOptions"}},"type":"ApiConnectionWebhook","inputs":{"host":{"api":{"runtimeUrl":"https://flow-apim-msmanaged-na-northcentralus-01.azure-apim.net/apim/office365"},"connection":{"name":"@parameters('$connections')['shared_office365_1']['connectionId']"}},"body":{"NotificationUrl":"@{listCallbackUrl()}","Message":{"To":"itequipmentdepartment@orgname.onmicrosoft.com","Subject":"Issue equipment to new employee - @{triggerBody()?['First_x0020_Name']} @{triggerBody()?['Last_x0020_Name']}","Options":"CONFIRMATION ","HeaderText":"Dear IT Equipment Department,","SelectionText":"Click below button to confirm","Body":"<p>Please issue a corporate-standard computer to our new employee&nbsp;@{triggerBody()?['First_x0020_Name']} @{triggerBody()?['Last_x0020_Name']}.\nThe starting date for&nbsp;@{triggerBody()?['First_x0020_Name']} @{triggerBody()?['Last_x0020_Name']} is&nbsp;@{triggerBody()?['Start_x0020_Date']}.  @{triggerBody()?['First_x0020_Name']} @{triggerBody()?['Last_x0020_Name']} is expected to arrive at the IT Department around 11 AM to pick up the computer.</p>\n<p>When&nbsp;@{triggerBody()?['First_x0020_Name']} @{triggerBody()?['Last_x0020_Name']} has received the computer, please click on the button below to confirm the laptop has been received.</p>\n<p>If you have any questions, please contact the HR Department.</p>\n<p>Thank you,<br/>\nHR Onboarding Staff</p>","Importance":"Normal","UseOnlyHTMLMessage":true}},"path":"/mailwithoptions/$subscriptions","authentication":"@parameters('$authentication')"}},"Update_account_status_to_completed":{"runAfter":{"Send_account_confirmation_email_to_IT_department":["Succeeded"]},"metadata":{"flowSystemMetadata":{"swaggerOperationId":"PatchItem"}},"type":"ApiConnection","inputs":{"host":{"api":{"runtimeUrl":"https://flow-apim-msmanaged-na-centralus-01.azure-apim.net/apim/sharepointonline"},"connection":{"name":"@parameters('$connections')['shared_sharepointonline']['connectionId']"}},"method":"patch","body":{"Title":"@triggerBody()?['Title']","Account_x0020_Setup_x0020_Status":{"Value":"Completed"}},"path":"/datasets/@{encodeURIComponent(encodeURIComponent('https://cand3.sharepoint.com/sites/HR-Onboard'))}/tables/@{encodeURIComponent(encodeURIComponent('4a8dc689-8a3e-4c1c-849b-788393b16109'))}/items/@{encodeURIComponent(triggerBody()?['ID'])}","authentication":"@parameters('$authentication')"}},"Update_equipment_delivery_status_to_completed":{"runAfter":{"Send_confirmation_email_to_IT_equipment_department":["Succeeded"]},"metadata":{"flowSystemMetadata":{"swaggerOperationId":"PatchItem"}},"type":"ApiConnection","inputs":{"host":{"api":{"runtimeUrl":"https://flow-apim-msmanaged-na-centralus-01.azure-apim.net/apim/sharepointonline"},"connection":{"name":"@parameters('$connections')['shared_sharepointonline']['connectionId']"}},"method":"patch","body":{"Title":"@triggerBody()?['Title']","Equipment_x0020_Delivery_x0020_S":{"Value":"Completed"}},"path":"/datasets/@{encodeURIComponent(encodeURIComponent('https://cand3.sharepoint.com/sites/HR-Onboard'))}/tables/@{encodeURIComponent(encodeURIComponent('4a8dc689-8a3e-4c1c-849b-788393b16109'))}/items/@{encodeURIComponent(triggerBody()?['ID'])}","authentication":"@parameters('$authentication')"}},"Update_mailbox_status_to_completed":{"runAfter":{"Send_setup_mailbox_confirmation_email_to_IT_Department":["Succeeded"]},"metadata":{"flowSystemMetadata":{"swaggerOperationId":"PatchItem"}},"type":"ApiConnection","inputs":{"host":{"api":{"runtimeUrl":"https://flow-apim-msmanaged-na-centralus-01.azure-apim.net/apim/sharepointonline"},"connection":{"name":"@parameters('$connections')['shared_sharepointonline']['connectionId']"}},"method":"patch","body":{"Title":"@triggerBody()?['Title']","Email_x0020_Address_x0020_Assign":{"Value":"Completed"}},"path":"/datasets/@{encodeURIComponent(encodeURIComponent('https://cand3.sharepoint.com/sites/HR-Onboard'))}/tables/@{encodeURIComponent(encodeURIComponent('4a8dc689-8a3e-4c1c-849b-788393b16109'))}/items/@{encodeURIComponent(triggerBody()?['ID'])}","authentication":"@parameters('$authentication')"}},"Send_setup_mailbox_confirmation_email_to_IT_Department":{"runAfter":{},"metadata":{"flowSystemMetadata":{"swaggerOperationId":"SendMailWithOptions"}},"type":"ApiConnectionWebhook","inputs":{"host":{"api":{"runtimeUrl":"https://flow-apim-msmanaged-na-northcentralus-01.azure-apim.net/apim/office365"},"connection":{"name":"@parameters('$connections')['shared_office365_1']['connectionId']"}},"body":{"NotificationUrl":"@{listCallbackUrl()}","Message":{"To":"itdepartment@orgname.onmicrosoft.com","Subject":"Setup mailbox for new employee - @{triggerBody()?['First_x0020_Name']} @{triggerBody()?['Last_x0020_Name']}","Options":"CONFIRMATION ","HeaderText":"Dear IT Department,","SelectionText":"Click below button to confirm","Body":"<p>Please create a new e-mail address for our new employee&nbsp;@{triggerBody()?['First_x0020_Name']} @{triggerBody()?['Last_x0020_Name']}. When&nbsp;@{triggerBody()?['First_x0020_Name']} @{triggerBody()?['Last_x0020_Name']}'s email is ready, please click on the button below to confirm. </p>\n<p>If you have any questions, please contact the HR Department.</p>\n<p>Thank you, <br/>\nHR Onboarding Staff </p>\n","Importance":"Normal","UseOnlyHTMLMessage":true}},"path":"/mailwithoptions/$subscriptions","authentication":"@parameters('$authentication')"}},"Send_setup_training_video_confirmation_email_to_corporate_training_department":{"runAfter":{},"metadata":{"flowSystemMetadata":{"swaggerOperationId":"SendMailWithOptions"}},"type":"ApiConnectionWebhook","inputs":{"host":{"api":{"runtimeUrl":"https://flow-apim-msmanaged-na-northcentralus-01.azure-apim.net/apim/office365"},"connection":{"name":"@parameters('$connections')['shared_office365_1']['connectionId']"}},"body":{"NotificationUrl":"@{listCallbackUrl()}","Message":{"To":"corporatetrainingdepartment@orgname.onmicrosoft.com","Subject":"Setup video training links for new employee - @{triggerBody()?['First_x0020_Name']} @{triggerBody()?['Last_x0020_Name']}","Options":"CONFIRMATION ","HeaderText":"Dear Corporate Training Department,","SelectionText":"Click below button to confirm","Body":"<p>Please prepare video training to our new employee&nbsp;@{triggerBody()?['First_x0020_Name']} @{triggerBody()?['Last_x0020_Name']} and email the link to them. @{triggerBody()?['First_x0020_Name']} @{triggerBody()?['Last_x0020_Name']}'s personal email address is @{triggerBody()?['Personal_x0020_Email']}.\nWhen&nbsp;@{triggerBody()?['First_x0020_Name']} @{triggerBody()?['Last_x0020_Name']}'s\nthe link to the training video has been sent, please click on the button below to confirm. </p>\n<p>If you have any questions, please contact the HR Department. </p>\n<p>Thank you, <br/>\nHR Onboarding Staff </p>\n","Importance":"Normal","UseOnlyHTMLMessage":true}},"path":"/mailwithoptions/$subscriptions","authentication":"@parameters('$authentication')"}},"Update_video_training_status_to_completed":{"runAfter":{"Send_setup_training_video_confirmation_email_to_corporate_training_department":["Succeeded"]},"metadata":{"flowSystemMetadata":{"swaggerOperationId":"PatchItem"}},"type":"ApiConnection","inputs":{"host":{"api":{"runtimeUrl":"https://flow-apim-msmanaged-na-centralus-01.azure-apim.net/apim/sharepointonline"},"connection":{"name":"@parameters('$connections')['shared_sharepointonline']['connectionId']"}},"method":"patch","body":{"Title":"@triggerBody()?['Title']","Video_x0020_Training_x0020_Statu":{"Value":"Completed"}},"path":"/datasets/@{encodeURIComponent(encodeURIComponent('https://cand3.sharepoint.com/sites/HR-Onboard'))}/tables/@{encodeURIComponent(encodeURIComponent('4a8dc689-8a3e-4c1c-849b-788393b16109'))}/items/@{encodeURIComponent(triggerBody()?['ID'])}","authentication":"@parameters('$authentication')"}},"Terminate":{"runAfter":{"New_employee_form_completed":["Succeeded"]},"type":"Terminate","inputs":{"runStatus":"Succeeded"}},"New_employee_form_completed":{"runAfter":{"Update_account_status_to_completed":["Succeeded"],"Update_equipment_delivery_status_to_completed":["Succeeded"],"Update_mailbox_status_to_completed":["Succeeded"],"Send_video_links_to_new_employee":["Succeeded"]},"metadata":{"flowSystemMetadata":{"swaggerOperationId":"PatchItem"}},"type":"ApiConnection","inputs":{"host":{"api":{"runtimeUrl":"https://flow-apim-msmanaged-na-centralus-01.azure-apim.net/apim/sharepointonline"},"connection":{"name":"@parameters('$connections')['shared_sharepointonline']['connectionId']"}},"method":"patch","body":{"Title":"@triggerBody()?['Title']","Onboarding_x0020_Status":"Completed"},"path":"/datasets/@{encodeURIComponent(encodeURIComponent('https://cand3.sharepoint.com/sites/HR-Onboard'))}/tables/@{encodeURIComponent(encodeURIComponent('4a8dc689-8a3e-4c1c-849b-788393b16109'))}/items/@{encodeURIComponent(triggerBody()?['ID'])}","authentication":"@parameters('$authentication')"}},"Send_video_links_to_new_employee":{"runAfter":{"Update_video_training_status_to_completed":["Succeeded"]},"metadata":{"flowSystemMetadata":{"swaggerOperationId":"SendEmail"}},"type":"ApiConnection","inputs":{"host":{"api":{"runtimeUrl":"https://flow-apim-msmanaged-na-northcentralus-01.azure-apim.net/apim/office365"},"connection":{"name":"@parameters('$connections')['shared_office365_1']['connectionId']"}},"method":"post","body":{"To":"@{triggerBody()?['Personal_x0020_Email']};","Subject":"Video training links for new employee","Body":"Dear @{triggerBody()?['First_x0020_Name']},\n<p>\nHere are some videos to help you get familiar with the company and our policies.  https://www.youtube.com/watch?v=F9bD9O8I3P0&feature=youtu.be  </p>\n<p>If you have any questions, please contact the HR Department.</p>\n<p>Thank you, <br/>\nHR Onboarding Staff </p>\n","IsHtml":true},"path":"/Mail","authentication":"@parameters('$authentication')"}}}},"connectionReferences":{"shared_office365_1":{"connectionName":"7b8aff36a84f4a69b0592a4d50dabf9e","source":"Embedded","id":"/providers/Microsoft.PowerApps/apis/shared_office365","tier":"NotSpecified"},"shared_sharepointonline":{"connectionName":"1aa700fdcf0f4f97931ed434ecd3748f","source":"Embedded","id":"/providers/Microsoft.PowerApps/apis/shared_sharepointonline","tier":"NotSpecified"}},"flowFailureAlertSubscribed":false}}