{"schemaVersion":"1.0","appDefinitionTemplate":{"id":"/providers/Microsoft.PowerApps/apps/","type":"Microsoft.PowerApps/apps","tags":{"minimumRequiredApiVersion":"2.2.0"},"properties":{"appVersion":"2018-11-08T02:57:38Z","lifeCycleId":"Published","createdByClientVersion":{"major":3,"minor":18105,"build":16,"revision":0,"majorRevision":0,"minorRevision":0},"minClientVersion":{"major":3,"minor":18105,"build":16,"revision":0,"majorRevision":0,"minorRevision":0},"backgroundColor":"rgba(208, 52, 56, 1)","backgroundImageUri":"/13600671437179339244/N0d0b6d20-b7e9-4c8a-85ee-fd7600840671-logoSmallFile","displayName":"Event Organizer Tablet","description":"The Event Creation and Management PowerApp enables event managers and other users to easily organize events like a corporate conference or trade fair. Event attendees can self-register quickly and easily, and they can sign up to receive updates about conference news, special sessions, and general information. Event managers can track registrations, check-in event participants, and access real-time statistics about event attendance.","appUris":{"documentUri":{"value":"/13600671437179339244/N9d896c85-b951-40b6-946d-c2000f81a6d0-document.msapp","readonlyValue":"/13600671437179339244/N9d896c85-b951-40b6-946d-c2000f81a6d0-document.msapp"},"imageUris":[]},"createdTime":"0001-01-01T00:00:00Z","lastModifiedTime":"0001-01-01T00:00:00Z","sharedGroupsCount":0,"sharedUsersCount":0,"icons":{"smallIconUri":"/13600671437179339244/Nc874a443-bbfc-43ac-ab6b-0b9667153acb-small.png","mediumIconUri":"/13600671437179339244/Nebfeb460-4968-4519-9605-9ae9f46d04f1-medium.png","largeIconUri":"/13600671437179339244/N104ea23a-2590-4497-b267-537827b5dcab-large.png","wideIconUri":"/13600671437179339244/N8c018e62-2c71-4843-ab4f-f85eeea67c26-wide.png"},"connectionReferences":{"8a5890be-daff-4c8b-8d76-d189220c38db":{"id":"bac56965-c161-46a6-94e1-f761e5608add","displayName":"SharePoint","iconUri":"https://connectoricons-prod.azureedge.net/sharepointonline/icon_1.0.1019.1195.png","dataSources":["Registrations"],"dependencies":[],"dependents":[],"parameterHints":{},"isOnPremiseConnection":false,"bypassConsent":false,"dataSets":{"https://canvizconsultingllc.sharepoint.com/sites/PowerAppsFlow":{"dataSources":{"Registrations":{"tableName":"7d7a18dd-5c71-4b64-b20b-f6713b5c9a49"}}}},"apiTier":"Standard"}},"authorizationReferences":[{"resourceId":"powerbi"}],"almMode":"Environment"}}}