{"name":"f6e774bf-862f-4f7c-9b38-dfe6f7f5ca27","id":"/providers/Microsoft.Flow/flows/f6e774bf-862f-4f7c-9b38-dfe6f7f5ca27","type":"Microsoft.Flow/flows","properties":{"apiId":"/providers/Microsoft.PowerApps/apis/shared_logicflows","displayName":"Event Organizer Notification flow","definition":{"metadata":{"workflowEntityId":null,"creator":{"id":"1a4a4c45-6842-44a6-8a19-74ea66e3c753","type":"User","tenantId":"3dad2b09-9e66-4eb8-9bef-9f44544b0e74"},"provisioningMethod":"FromDefinition","failureAlertSubscription":true,"clientLastModifiedTime":"2018-10-17T01:51:28.469888Z"},"$schema":"https://schema.management.azure.com/providers/Microsoft.Logic/schemas/2016-06-01/workflowdefinition.json#","contentVersion":"1.0.0.0","parameters":{"$connections":{"defaultValue":{},"type":"Object"},"$authentication":{"defaultValue":{},"type":"SecureObject"}},"triggers":{"Run_flow_every_day":{"recurrence":{"frequency":"Day","interval":1},"type":"Recurrence"}},"actions":{"Get_SharePoint_items_2_days_prior_to_the_event_":{"runAfter":{},"metadata":{"flowSystemMetadata":{"swaggerOperationId":"GetItems"}},"type":"ApiConnection","inputs":{"host":{"api":{"runtimeUrl":"https://flow-apim-msmanaged-na-westus2-01.azure-apim.net/apim/sharepointonline"},"connection":{"name":"@parameters('$connections')['shared_sharepointonline']['connectionId']"}},"method":"get","path":"/datasets/@{encodeURIComponent(encodeURIComponent('https://canvizconsultingllc.sharepoint.com/sites/PowerAppsFlow'))}/tables/@{encodeURIComponent(encodeURIComponent('7d7a18dd-5c71-4b64-b20b-f6713b5c9a49'))}/items","queries":{"$filter":"Event_x0020_Day eq '@{addDays(utcNow('yyyy-MM-dd'),2,'yyyy-MM-dd')}'"},"authentication":"@parameters('$authentication')"}},"Get_users_who_requested_a_reminder":{"runAfter":{"Get_SharePoint_items_2_days_prior_to_the_event_":["Succeeded"]},"type":"Query","inputs":{"from":"@body('Get_SharePoint_items_2_days_prior_to_the_event_')?['value']","where":"@and(equals(item()?['Reminder']?['Value'], 'Yes'),equals(item()?['Invitee_x0020_Status']?['Value'], 'Registered'))"}},"Apply_to_each":{"foreach":"@body('Get_users_who_requested_a_reminder')","actions":{"Notify_attendees":{"runAfter":{},"metadata":{"flowSystemMetadata":{"swaggerOperationId":"SendEmail"}},"type":"ApiConnection","inputs":{"host":{"api":{"runtimeUrl":"https://flow-apim-msmanaged-na-centralus-01.azure-apim.net/apim/office365"},"connection":{"name":"@parameters('$connections')['shared_office365']['connectionId']"}},"method":"post","body":{"To":"@{items('Apply_to_each')?['Invitee_x0020_Email_x0020_Addres']};","Subject":"Contoso World Expo is coming soon!","Body":"Hi @{items('Apply_to_each')?['Invitee_x0020_Name']}!\n\nThis note is a friendly reminder about the Contoso World Expo coming up in 2 days on November 1, at the Contoso Conference Center.\n\nThe World Expo will be featuring a keynote address from our CEO John Smith, and there will also be sessions covering the Sales and Marketing Strategy for our 3 Lines of Business.\n\nIn addition, there will be a set of product and service demonstrations in the Exhibit Hall.\n\nThank you for registering for the Contoso World Expo, and we look forward to seeing you!\n\nSincerely,\n\nContoso World Expo Staff\n"},"path":"/Mail","authentication":"@parameters('$authentication')"}}},"runAfter":{"Get_users_who_requested_a_reminder":["Succeeded"]},"type":"Foreach"}},"outputs":{}},"connectionReferences":{"shared_sharepointonline":{"connectionName":"0c552f9d0ff235436d3d2b767aeb765b","source":"Embedded","id":"/providers/Microsoft.PowerApps/apis/shared_sharepointonline","tier":"NotSpecified"},"shared_office365":{"connectionName":"2f6c38477e80f8cbe7a6209c2c38684a","source":"Embedded","id":"/providers/Microsoft.PowerApps/apis/shared_office365","tier":"NotSpecified"}},"flowFailureAlertSubscribed":false}}